{
   "sonycnode-b827eb0d8af7.sonyc":{
      "sensor_lat":40.729432,
      "sensor_lon":-73.993588,
      "BBL":1005470030
   },
   "sonycnode-b827eb0fedda.sonyc":{
      "sensor_lat":40.730419,
      "sensor_lon":-73.998614,
      "BBL":1005410018
   },
   "sonycnode-b827eb122f0f.sonyc":{
      "sensor_lat":40.731403,
      "sensor_lon":-73.994565,
      "BBL":1005480009
   },
   "sonycnode-b827eb132382.sonyc":{
      "sensor_lat":40.727653,
      "sensor_lon":-73.99318,
      "BBL":1005310019
   },
   "sonycnode-b827eb1685c7.sonyc":{
      "sensor_lat":40.729442,
      "sensor_lon":-73.996501,
      "BBL":1005460001
   },
   "sonycnode-b827eb18a94a.sonyc":{
      "sensor_lat":40.727822,
      "sensor_lon":-73.988463,
      "BBL":1004620024
   },
   "sonycnode-b827eb252949.sonyc":{
      "sensor_lat":40.694056,
      "sensor_lon":-73.986795,
      "BBL":3001420002
   },
   "sonycnode-b827eb29eb77.sonyc":{
      "sensor_lat":40.736283,
      "sensor_lon":-73.991084,
      "BBL":1008430029
   },
   "sonycnode-b827eb2a1bce.sonyc":{
      "sensor_lat":40.729514,
      "sensor_lon":-73.994374,
      "BBL":1005470026
   },
   "sonycnode-b827eb329ab8.sonyc":{
      "sensor_lat":40.730468,
      "sensor_lon":-73.99495,
      "BBL":1005480021
   },
   "sonycnode-b827eb32e075.sonyc":{
      "sensor_lat":40.691171,
      "sensor_lon":-73.986503,
      "BBL":3001510001
   },
   "sonycnode-b827eb3bda47.sonyc":{
      "sensor_lat":40.733205,
      "sensor_lon":-73.994728,
      "BBL":1005680033
   },
   "sonycnode-b827eb3e842e.sonyc":{
      "sensor_lat":40.726069,
      "sensor_lon":-73.996434,
      "BBL":1005230044
   },
   "sonycnode-b827eb429cd4.sonyc":{
      "sensor_lat":40.729892,
      "sensor_lon":-73.988056,
      "BBL":1004650037
   },
   "sonycnode-b827eb42bd4a.sonyc":{
      "sensor_lat":40.694443,
      "sensor_lon":-73.985477,
      "BBL":3001427501
   },
   "sonycnode-b827eb44506f.sonyc":{
      "sensor_lat":40.734835,
      "sensor_lon":-73.994738,
      "BBL":1005760046
   },
   "sonycnode-b827eb4cc22e.sonyc":{
      "sensor_lat":40.729384,
      "sensor_lon":-73.995715,
      "BBL":1005460030
   },
   "sonycnode-b827eb4e7821.sonyc":{
      "sensor_lat":40.730094,
      "sensor_lon":-73.994509,
      "BBL":1005470015
   },
   "sonycnode-b827eb539980.sonyc":{
      "sensor_lat":40.73353,
      "sensor_lon":-73.995259,
      "BBL":1005680001
   },
   "sonycnode-b827eb5895e9.sonyc":{
      "sensor_lat":40.776519,
      "sensor_lon":-73.963915,
      "BBL":1013930004
   },
   "sonycnode-b827eb5a9021.sonyc":{
      "sensor_lat":40.688992,
      "sensor_lon":-73.984402,
      "BBL":3001650022
   },
   "sonycnode-b827eb5d1714.sonyc":{
      "sensor_lat":40.75123,
      "sensor_lon":-73.975373,
      "BBL":1012970027
   },
   "sonycnode-b827eb6e8929.sonyc":{
      "sensor_lat":40.6884,
      "sensor_lon":-73.984316,
      "BBL":3001710026
   },
   "sonycnode-b827eb73e772.sonyc":{
      "sensor_lat":40.730083,
      "sensor_lon":-73.994969,
      "BBL":1005470025
   },
   "sonycnode-b827eb74a519.sonyc":{
      "sensor_lat":40.681669,
      "sensor_lon":-73.959169,
      "BBL":3020150034
   },
   "sonycnode-b827eb74a9e8.sonyc":{
      "sensor_lat":40.754965,
      "sensor_lon":-73.990174,
      "BBL":1007890014
   },
   "sonycnode-b827eb7b2c3e.sonyc":{
      "sensor_lat":40.728932,
      "sensor_lon":-73.996923,
      "BBL":1005350008
   },
   "sonycnode-b827eb815321.sonyc":{
      "sensor_lat":40.73189,
      "sensor_lon":-73.997708,
      "BBL":1005510008
   },
   "sonycnode-b827eb820cfe.sonyc":{
      "sensor_lat":40.729608,
      "sensor_lon":-73.993489,
      "BBL":1005470030
   },
   "sonycnode-b827eb84deb5.sonyc":{
      "sensor_lat":40.753148,
      "sensor_lon":-73.979128,
      "BBL":1012770014
   },
   "sonycnode-b827eb86d458.sonyc":{
      "sensor_lat":40.730502,
      "sensor_lon":-73.995701,
      "BBL":1005470001
   },
   "sonycnode-b827eb8e1f0b.sonyc":{
      "sensor_lat":40.75053,
      "sensor_lon":-73.974026,
      "BBL":1013150048
   },
   "sonycnode-b827eb8e2420.sonyc":{
      "sensor_lat":40.730887,
      "sensor_lon":-73.995625,
      "BBL":1005500001
   },
   "sonycnode-b827eb8e32ad.sonyc":{
      "sensor_lat":40.755123,
      "sensor_lon":-73.979833,
      "BBL":1012607503
   },
   "sonycnode-b827eb905497.sonyc":{
      "sensor_lat":40.729985,
      "sensor_lon":-73.997649,
      "BBL":1005380040
   },
   "sonycnode-b827eb977bfb.sonyc":{
      "sensor_lat":40.733955,
      "sensor_lon":-73.988988,
      "BBL":1005590012
   },
   "sonycnode-b827eb9bed23.sonyc":{
      "sensor_lat":40.730388,
      "sensor_lon":-73.999861,
      "BBL":1005400014
   },
   "sonycnode-b827eb9d0e7f.sonyc":{
      "sensor_lat":40.779889,
      "sensor_lon":-73.960283,
      "BBL":1014960010
   },
   "sonycnode-b827ebad073b.sonyc":{
      "sensor_lat":40.727693,
      "sensor_lon":-73.991579,
      "BBL":1005440065
   },
   "sonycnode-b827ebafe148.sonyc":{
      "sensor_lat":40.693831,
      "sensor_lon":-73.986177,
      "BBL":3001420001
   },
   "sonycnode-b827ebb40450.sonyc":{
      "sensor_lat":40.729982,
      "sensor_lon":-73.995862,
      "BBL":1005460008
   },
   "sonycnode-b827ebba613d.sonyc":{
      "sensor_lat":40.693831,
      "sensor_lon":-73.986177,
      "BBL":3001420001
   },
   "sonycnode-b827ebc6dcc6.sonyc":{
      "sensor_lat":40.729051,
      "sensor_lon":-73.995349,
      "BBL":1005460026
   },
   "sonycnode-b827ebc7f772.sonyc":{
      "sensor_lat":40.720835,
      "sensor_lon":-73.997335,
      "BBL":1004810001
   },
   "sonycnode-b827ebdd5c38.sonyc":{
      "sensor_lat":40.731743,
      "sensor_lon":-73.996522,
      "BBL":1005500022
   },
   "sonycnode-b827ebe1fe4b.sonyc":{
      "sensor_lat":40.776205,
      "sensor_lon":-73.963668,
      "BBL":1013930001
   },
   "sonycnode-b827ebed47a6.sonyc":{
      "sensor_lat":40.812207,
      "sensor_lon":-73.946357,
      "BBL":1019330032
   },
   "sonycnode-b827ebefb215.sonyc":{
      "sensor_lat":40.726368,
      "sensor_lon":-73.997083,
      "BBL":1005230047
   },
   "sonycnode-b827ebf31214.sonyc":{
      "sensor_lat":40.730672,
      "sensor_lon":-73.999813,
      "BBL":1005430057
   },
   "sonycnode-b827ebf9d204.sonyc":{
      "sensor_lat":40.737907,
      "sensor_lon":-73.851741,
      "BBL":3040940001
   }
}